{
  "thresholds": [
    20,
    34,
    50,
    100,
    200
  ],
  "correlations": [
    0.834588669097955,
    0.8003043950179773,
    0.6780351650504483,
    -0.010906589335743145,
    -0.44276650608830964
  ],
  "area_fractions": {
    "20": [
      0.07354485863022762,
      0.04792862749940415,
      0.04846897418669955,
      0.052693645480519906,
      0.09294838613599943,
      0.06163333336131923,
      0.06195998338519754,
      0.0626783218858697,
      0.08234598259411356,
      0.05444587354416856,
      0.05339292592163372,
      0.051833239456732266,
      0.08678433120751367,
      0.05527970819968874,
      0.0554383360422929,
      0.05862347246861944
    ],
    "34": [
      0.06541805021805133,
      0.05056679882082648,
      0.05068566668502719,
      0.05580331331555,
      0.08258078793924424,
      0.06483144425045798,
      0.06578994350216832,
      0.06618794001878935,
      0.07387327488123051,
      0.057491294708494504,
      0.05634108257017865,
      0.05436566326552583,
      0.0772033960794255,
      0.058468567052491906,
      0.05850669287522076,
      0.06188608381731746
    ],
    "50": [
      0.060186507849419146,
      0.0523067848060191,
      0.0522002254321495,
      0.05760421846317008,
      0.07584381748253216,
      0.06683559949223854,
      0.06818583538404659,
      0.0685402857031065,
      0.06832769751000012,
      0.059491269816431346,
      0.058178365313921385,
      0.05624571202363515,
      0.07106304336802119,
      0.06053562846274738,
      0.06057079334822821,
      0.06388421554433366
    ],
    "100": [
      0.05176584473451398,
      0.05485846652043699,
      0.05493379714547893,
      0.06074308085841069,
      0.06477966207191307,
      0.07064115953078197,
      0.07172116240762832,
      0.07233531521390853,
      0.05856344585932061,
      0.06294292963552153,
      0.06163309278179966,
      0.05913460769071771,
      0.06104162226713466,
      0.06370169447216187,
      0.06381269235948933,
      0.06739142645078208
    ],
    "200": [
      0.044359065041953714,
      0.05705023873838126,
      0.05738062950771217,
      0.06352145674856029,
      0.05512305989508791,
      0.07383604362791318,
      0.0745174216632337,
      0.075968237104626,
      0.05053338794763449,
      0.06566551517579508,
      0.06448401557924051,
      0.06166026410703539,
      0.05240338834059663,
      0.06673484618606006,
      0.06685524610403575,
      0.06990718423213388
    ]
  },
  "published_area_fractions": [
    0.06123452093519117,
    0.056381570899083785,
    0.057681270480910686,
    0.06436876138816773,
    0.0695720975689182,
    0.06164763234842899,
    0.060496866814989406,
    0.06102117110972772,
    0.08060608898883677,
    0.058756765405291865,
    0.057371791849075156,
    0.054410950173584674,
    0.0781832711707525,
    0.058968580533958724,
    0.0571355622127084,
    0.06216309812037409
  ],
  "summary": {
    "best_threshold": 20,
    "best_correlation": 0.834588669097955,
    "baseline_threshold": 34,
    "baseline_correlation": 0.8003043950179773,
    "recommendation": "Marginal improvement possible"
  }
}